,P_1,P_2,P_3,P_Z,P_I,P_P,Q_1,Q_2,Q_3,Q_Z,Q_I,Q_P
5,90710,97719,109900.5,0.248726971375546,0.275938890044313,0.475334138580143,16302.1522478151,17696.3221282671,13704.0000307104,2.02277226791654,-4.50434513873238,3.48157287081584
10,91319,97550,100716.5,0.244930377910291,0.273606225353047,0.481463396736662,14886.0188581968,18165.8279278612,12856.6073500591,2.02982742738308,-4.53764832595767,3.50782089857458
15,85245.56,93225,92897.5,0.23930842110701,0.269295741530981,0.49139583736201,13751.0986466274,19951.2476764414,14251.7436667331,2.06644167835696,-4.61138437212768,3.54494269377072
20,95767.06,93382.5,104357.87,0.237829208624031,0.267557020178549,0.49461377119742,13703.807782929,18943.1963486391,13831.4498879194,2.1008462256573,-4.73561938050424,3.63477315484693
25,75302,86047.5,90914,0.230681123748275,0.26612997949571,0.503188896756015,14057.4317033207,19268.1853564113,16981.6582115524,2.11683854913177,-4.72829650560012,3.61145795646834
30,74529.6,87194.1,85374,0.227098642130945,0.264739046009507,0.508162311859549,15411.9526057885,16830.0227032288,18118.6906086072,2.1275008788362,-4.76768737585733,3.64018649702112
35,71618.6,83342.1,89597,0.227587539897232,0.260238093270065,0.512174366832703,18616.6448813449,16112.8191638996,19914.8448224898,2.13456642840992,-4.7238452938385,3.58927886542858
40,71160.54,76916,86609,0.224257778410181,0.254896926257181,0.520845295332639,19039.4055287979,17415.9533176427,20877.6158478061,2.16809396429056,-4.8088322816507,3.64073831736013
45,68634.54,76256,83416,0.223652736459421,0.255216496148998,0.521130767391582,17531.7065708349,15366.1464947058,20663.572380044,2.22495112485849,-5.03930430622051,3.81435318136202
50,68105,75461,81428,0.225138843456345,0.25474370026154,0.520117456282116,17107.3593935682,15179.6787454163,22270.3461403487,2.24492667378619,-5.09623745839132,3.85131078460512
55,65424,76415.5,80793.5,0.22876015408062,0.251876421392763,0.519363424526617,16034.8765863611,15563.4290005331,20345.2527387678,2.2611826774791,-5.16575874658919,3.90457606911009
60,63533,72274.5,81393.23,0.226465537691567,0.249909916034988,0.523624546273446,15003.3113987436,14550.425349373,21838.2309693972,2.27548618243776,-5.21744590095003,3.94195971851226
65,62067,69421.5,76437.5,0.227206501856681,0.253808440334139,0.518985057809181,13502.3446372353,12975.9917437063,19931.8179750627,2.30412584838683,-5.34545151653518,4.04132566814834
70,63026,70781.5,72981.5,0.232500021485694,0.253645973726756,0.513854004787551,12401.0673309176,13500.6575180917,18380.5352878904,2.31839384948509,-5.42027375728043,4.10187990779532
75,54011,68077.5,70351.5,0.228669684331653,0.25283907892094,0.518491236747407,12164.982762119,13334.9765853854,18421.6361893497,2.31326690435492,-5.3767911420476,4.06352423769267
80,55772,66839.5,70380.5,0.226506265543754,0.252398002394066,0.521095732062181,13980.0831689985,14235.0491376252,18853.8699364043,2.29779889240679,-5.30680431560862,4.00900542320182
85,57749,68141.5,70277.5,0.224134793549545,0.246765354041098,0.529099852409358,15385.8338441901,16030.9894954374,18628.9713763197,2.25795783164501,-5.14259056336488,3.88463273171985
90,55557,66961.5,68741.5,0.222270525784611,0.246180521467075,0.531548952748315,14990.871371375,16400.2371570345,18331.1154562192,2.25872190591067,-5.14487584889281,3.88615394298213
95,53521,66107.5,64806.5,0.22123052257674,0.248745892629251,0.530023584794011,16394.9592925593,16713.5333621804,16219.2216004713,2.27687425648969,-5.19351463705907,3.91664038056938
100,54056,67184.5,64264.5,0.219183130627297,0.246985604163284,0.533831265209421,17149.4335742391,18472.9350985375,15308.8277995822,2.25936972309121,-5.13960994746581,3.88024022437459
105,48917,64127,65546,0.215209656562437,0.248819023927856,0.535971319509708,16010.4954631849,18239.2092511404,13841.8441275282,2.23766226414656,-5.09014275929745,3.85248049515087
110,48856,64116,59107,0.214163725022427,0.251728816031333,0.53410745894624,16399.2879515437,18684.151464871,13956.8961003883,2.26733043456984,-5.17280276233996,3.9054723277701
115,49090,64420,59758,0.212441834311592,0.249208887301009,0.5383492783874,16691.5527437649,19311.5581852699,15030.3069406703,2.26396434390071,-5.15104638858436,3.88708204468363
120,48970,64313,60268,0.21199532246142,0.250390976608968,0.537613700929612,16944.6501017769,19248.2838457668,16821.8885617259,2.26680263198555,-5.14795635825792,3.88115372627236
125,49223,72354,60667,0.213994031508426,0.248416239179624,0.53758972931195,17577.393496807,18036.6058215308,16461.0967835612,2.26957943133022,-5.17020396406975,3.90062453273951
130,48830,63077,43839,0.20652949003158,0.254304084543513,0.539166425424908,18999.3971452635,17078.8622929046,15609.2224220651,2.26496560929482,-5.16088370580439,3.89591809650956
135,45967,62381.8,47536.8,0.205894429847673,0.256397793398807,0.537707776753519,18491.8355888587,15873.5135654972,15115.6825739416,2.23815350776153,-5.09104558247238,3.85289207471084
140,47656,57329,47980,0.203394988932223,0.26023380976445,0.536371201303327,17805.385736991,15736.1569906026,15655.5645650336,2.23819669698088,-5.07180405047172,3.83360735349083
145,43266,56234,40070,0.203384560941526,0.268446482915078,0.528168956143396,16375.3856642229,14498.9006776812,13871.2281910487,2.25104984069774,-5.16835351809545,3.91730367739769
150,42746,56818,40590,0.205063522782313,0.268582459864326,0.526354017353361,17199.8768405896,15259.0016696512,14529.28132188,2.27387336993611,-5.2224340261143,3.94856065617818
155,54154.2,56778,47412,0.210230229223361,0.265062050522038,0.524707720254601,16892.6174122797,15204.8395993533,14997.5114342023,2.27049127843423,-5.22812253254581,3.95763125411156
160,49882.2,53271,42042,0.203124934073232,0.266258368375624,0.530616697551144,15619.943115842,16555.2135857568,16022.5557341511,2.26789979079259,-5.2118118041742,3.9439120133816
165,40282,48256,40362,0.202217597442335,0.27248854104672,0.525293861510946,14115.9385984979,14405.8108054821,13862.1159218436,2.33308821974449,-5.4847002283114,4.1516120085669
170,39398,48620,40440,0.203284863057598,0.276363755339612,0.52035138160279,12954.4244324041,15062.1437914589,14339.458303371,2.32650209136464,-5.45661914126978,4.13011704990513
175,43403,48257,47450,0.206268307994582,0.268383440481015,0.525348251524404,14017.4396884455,14959.2742742681,15060.7857737053,2.33809844388982,-5.43412518203862,4.09602673814879
180,39982,50822,40500,0.20399753408451,0.267630297888967,0.528372168026523,14513.7068649396,14592.2767527598,14415.3875107746,2.36037927696705,-5.53032326928987,4.16994399232279
185,40952,41356,42310,0.199845586534333,0.26486868880519,0.535285724660477,15741.229051298,15265.7184322532,16705.9186007836,2.3593043147941,-5.49449243614626,4.13518812135215
190,45862,45375,49510,0.203572195885644,0.26498274898478,0.531445055129577,17803.9725190961,15704.538287632,17667.6885612293,2.31496609302689,-5.31645116934425,4.00148507631735
195,42547,47197,42840,0.201703833628835,0.265653050656164,0.532643115715001,17761.190123038,14383.614233613,17376.6265995155,2.31823718275073,-5.36017564993708,4.04193846718634
200,43472,48644,44850,0.200069073617796,0.259738650474823,0.540192275907381,18773.5795550861,16417.8586713882,19920.2550475365,2.27137418838936,-5.12579769020537,3.854423501816
205,41722,45744,43520,0.19825388665648,0.262048840514835,0.539697272828686,16356.4997860712,16071.6211034694,18237.1576167564,2.27505683396099,-5.17308210348905,3.89802526952805
210,45698,43499,49250,0.19878632125733,0.259996702856358,0.541216975886312,17378.8104052584,15385.5245560753,17338.6619958137,2.28122097108023,-5.19943503214265,3.91821406106241
215,41918,42329,44210,0.194472685005324,0.259478098264179,0.546049216730497,16670.1378028247,15469.8272438792,19110.3435018979,2.2603811746257,-5.11559571175962,3.85521453713391
220,41283,42904,40338,0.193261581667773,0.259341537369852,0.547396880962375,15979.9407342884,16310.8691913157,19464.6798031148,2.28367981056729,-5.19394441630558,3.91026460573827
225,44060,46405,46968,0.195265118143326,0.252181260440235,0.552553621416439,16090.7475601585,16435.8000344538,19705.1222932262,2.28273255929911,-5.18173704971224,3.89900449041311
230,37350,42305,36174,0.191588747554931,0.258876824835528,0.549534427609541,15078.3581281104,15891.640714728,17589.0256730642,2.3194964673116,-5.35536972198935,4.03587325467774
235,36950,42645,36354,0.192105102061516,0.261608733260655,0.546286164677829,14572.1634120863,16483.1711497151,17740.8840878714,2.32837509870277,-5.3885201912637,4.06014509256092
240,42780,44201,44754,0.197078767479298,0.257229986100359,0.545691246420343,14470.9244688815,17441.0668732772,16817.0787311275,2.34561014376828,-5.46695802102878,4.12134787726049
245,35080,35181,44041,0.190834229374524,0.264283134252978,0.544882636372499,15521.2785046315,16757.7040066447,19158.2292927388,2.32688407104996,-5.36343328487833,4.03654921382835
250,31970,34871,36871,0.187500789756527,0.262342853949182,0.550156356294291,15660.4820515381,16643.8101955393,18234.4239359949,2.33633710996478,-5.37474488224007,4.03840777227528
255,39110,43943,39451,0.195292220973199,0.260331138803097,0.544376640223705,13901.4554133544,17322.6133091279,18095.2203890883,2.35051721012501,-5.4378388628698,4.08732165274477
260,38570,43835,42141,0.195434779770713,0.264028714632179,0.540536505597108,12547.38454799,16315.3843116431,16677.8751842208,2.35047954572915,-5.48807260113015,4.13759305540098
265,29920,31615,35805,0.186808317756093,0.273550096175624,0.539641586068283,13066.2341319147,17193.0650366758,16819.812411889,2.33028483904039,-5.41514205576017,4.08485721671976
270,41658.32,34335,39205,0.192637955021226,0.265334133582935,0.54202791139584,13534.464244237,16263.6900094223,17718.3080328317,2.32122643844239,-5.34794739019633,4.02672095175393
275,44620,49700,45305,0.196605137249307,0.258958316806407,0.544436545944287,16799.4201625923,16197.6819891577,17288.0425242113,2.26562208724595,-5.15540394173738,3.88978185449142
280,39160,42657.24,35665,0.189265899096982,0.264516949504686,0.546217151398332,17368.8892181193,15235.912028712,16642.6442612806,2.28444999567919,-5.24585993975648,3.96140994407727
285,33550,32026.24,33018,0.180181588270956,0.260598727685239,0.559219684043805,17659.9511798332,16853.4106751737,13605.4759651361,2.28967468937602,-5.26126012079114,3.9715854314151
290,33490,37216,36715,0.183588750208816,0.258490690483729,0.557920559307455,18242.0751032609,16354.4034655272,14829.8088572727,2.28565244528194,-5.24593834944316,3.9602859041612
295,41260,48686,40570,0.189509786139268,0.253297525569751,0.557192688290982,20013.7566093451,15481.2175803856,14931.0478004775,2.26462488251556,-5.17410760385602,3.90948272134044
300,41230,38248,34709,0.184037247180049,0.257763111359757,0.558199641460195,19988.4468735439,14848.4741853555,15690.7954879739,2.24256531269202,-5.10373287556701,3.86116756287499
305,38480,32221.76,39429.76,0.180885161869678,0.258237149558264,0.560877688572058,20409.6001129593,17565.6258763029,14364.7680391722,2.223491073982,-5.0062910252703,3.7827999512883
310,37900,49066.76,45818.76,0.190030072012866,0.259169888735725,0.550800039251409,19599.6885673208,17271.0213158936,14217.1574475908,2.26025400088715,-5.1233449068365,3.86309090594934
315,37635,45654,35405,0.190905136123423,0.261353705758389,0.547741158118188,17396.2436487752,15741.0180768414,14928.5637307861,2.29132955471688,-5.27260214034423,3.98127258562734
320,45180.74,42795,42205.69,0.194645072050641,0.263433240080087,0.541921687869272,15621.7261529428,15795.1801471393,16630.5923089238,2.28237392835609,-5.23306477445023,3.95069084609413
325,40498.74,31056,38453.69,0.19069772766018,0.273663450697643,0.535638821642177,16770.380833163,14456.7488259242,15726.629326458,2.31051549429717,-5.34272364613526,4.03220815183807
330,36946.74,36628,39300,0.191691377989323,0.2736315500184,0.534677071992277,15405.6821717121,15015.032162918,16148.2381793336,2.30044712274409,-5.31781026999993,4.01736314725583
335,38924.74,45926.01,37077.01,0.196779203138607,0.273017974034136,0.530202822827257,14734.0193491786,13958.2995387245,15180.1982918216,2.30086930407462,-5.35352806595036,4.05265876187573
340,44997.74,49598.01,38641.01,0.199053684591506,0.267327284643569,0.533619030764926,14060.992348464,16104.9222607236,15080.9918632635,2.30569058735915,-5.33434448660371,4.02865389924455
345,41240.74,35537.01,46424.01,0.195212543477118,0.268629887741332,0.536157568781551,12894.7280920611,15618.9740690141,14903.0254569878,2.29455683925932,-5.32344610074454,4.02888926148521
350,31509.74,38417.01,34460.01,0.183491112138375,0.264711719368851,0.551797168492775,14529.2795005669,16741.9657089593,16668.5793701156,2.27624730457633,-5.22047221100714,3.9442249064308
355,49858.74,43608.01,36721.01,0.187973060603451,0.252110306838455,0.559916632558094,14696.9309406544,15647.0660971152,16768.8672296856,2.26354280058204,-5.17403208929984,3.91048928871779
360,48130.74,49061.01,48629.74,0.192053335256193,0.246238465674933,0.561708199068875,16385.0401194973,16182.3627587061,18474.5407155053,2.21479146443051,-4.9639284267336,3.74913696230307
365,34965.63,40664.7,57128.29,0.184695071354428,0.250163661282713,0.56514126736286,15106.7260234208,16031.5728930376,19740.0825187972,2.24646651015614,-5.06890943263638,3.82244292248022
370,44059.63,49883.49,45115.35,0.187512194744833,0.251630616868321,0.560857188386846,16256.8498530083,15993.9025316901,21368.357647846,2.25102668027317,-5.09244180246548,3.84141512219229
375,41208.63,40914.69,43267.55,0.185396133949541,0.246878041892874,0.567725824157585,17943.8491829975,15223.4596434495,19813.5582858469,2.25435309096676,-5.11301764044239,3.8586645494756
380,49702.17,52354.96,62563.89,0.194057099204695,0.238967654692645,0.56697524610266,17875.1116739112,14469.7089401268,19048.2633549342,2.27631834508575,-5.19822811915202,3.92190977406625
385,52370.17,49407.6,49424.37,0.189604407060916,0.235785416671096,0.574610176267988,18051.3842627242,15428.0304099284,18935.5532887617,2.31364982446579,-5.31124609672688,3.99759627226108
390,53342.17,55080.6,52972.37,0.187466461885225,0.233451916151011,0.579081621963764,17628.533212623,15906.7271952006,18439.3053173311,2.33047429769916,-5.38439944226636,4.05392514456718
395,78354.61,89624.29,63414.47,0.210629623866703,0.22516767121601,0.564202704917288,16677.5122990645,15401.2618912367,19211.702445066,2.30617588302795,-5.31022218744759,4.00404630441963
400,94552.61,114707.7,73278.47,0.223691957161338,0.230272708722894,0.546035334115768,14301.2599413381,15741.8817017719,16392.753753123,2.27870706654229,-5.30117708419202,4.02247001764971
405,80173.9,108518.84,67227.33,0.21023445461555,0.224676879227387,0.565088666157064,14456.7089937992,16403.5607984711,15893.416968268,2.24718658232668,-5.18590007856387,3.93871349623717
410,91308.63,126795,76282.39,0.228222202028936,0.219284708051108,0.552493089919956,13528.1996205801,16757.3300954122,15474.1826983039,2.21439362666015,-5.0766704037453,3.86227677708514
415,83980.93,115430.29,82613.86,0.21659465541535,0.222999404726331,0.56040593985832,12518.3048469205,16766.0480098323,14718.4814753414,2.14005426444528,-4.87174323132144,3.73168896687614
420,78205.02,108689.85,78538.82,0.21747430979594,0.217342260318042,0.56518342988602,14173.8350982188,16809.8030704606,13479.6617075047,2.08924580212827,-4.69723591261121,3.60799011048292
425,75532.35,100132.32,82162.99,0.211833001665634,0.215993087991253,0.572173910343113,15577.3874205048,15189.4942094247,13741.7973846157,2.10500486512325,-4.77103315157459,3.66602828645132
430,72219.68,90014.2,88476.99,0.211500034934883,0.221870044065356,0.566629920999762,13907.9762113159,15607.6019678762,13492.7228882172,2.07845753362121,-4.7057961654446,3.62733863182337
435,79333.12,82838.45,111680.61,0.216564831947742,0.228396331704248,0.55503883634801,14570.5327935372,14629.3515757684,14152.5983792081,2.03899358857918,-4.53922283393735,3.50022924535816
440,89167.6,108052.23,113519.5,0.235109632711734,0.230565691576154,0.534324675712112,15741.5327400569,17545.461450835,14839.5828817845,2.00275413355544,-4.38033338253133,3.37757924897587
445,86444.6,112211.03,109657.8,0.2373582728687,0.239073843770958,0.523567883360343,16975.2661484657,16689.111366136,13733.8323603836,2.00684407229945,-4.40058653569458,3.39374246339512
450,118569.87,112636.55,120078.94,0.251339186646256,0.232257593853284,0.51640321950046,15779.8826284434,15236.5900920072,14369.8439914364,2.03301719549696,-4.51687935301394,3.48386215751697
455,109565.87,120753.55,115897.04,0.249092515349785,0.223469771292299,0.527437713357917,16424.2554079104,14330.9640903348,14461.1254743717,2.05582497972039,-4.60345515575396,3.54763017603355
460,112673.87,125114.11,132914.1,0.268084628429646,0.247745172217322,0.484170199353032,17337.1251824542,13247.5580890673,15467.5510804958,2.00587047443024,-4.4299454758631,3.42407500143285
465,137606.9,146306.54,164168,0.298721452027296,0.244334772571236,0.456943775401469,17047.4134458167,14170.8070939227,16074.7048554755,1.96334031234818,-4.294935868312,3.33159555596381
470,159013.4,165269.24,158323.37,0.298376846935574,0.257056662273598,0.444566490790828,19053.473703556,15291.3467708532,16956.0029214809,1.8785200940547,-4.00403778338492,3.1255176893302
475,147873.9,176050.24,164437.37,0.303225910289533,0.264137529393754,0.432636560316712,18315.0995126093,11825.3720619775,16530.9725651991,1.81410888874328,-3.84014450350445,3.02603561476116
480,145866.4,181931.25,166847.5,0.309243820766787,0.26551859163322,0.425237587599993,16527.7994245274,13380.5988943223,16913.462004127,1.77527443872426,-3.75133977865969,2.97606533993542
485,141860.9,155228.25,177140.69,0.304668485969363,0.271121778990857,0.42420973503978,14428.3039738365,14358.4651775099,16151.7321655973,1.80170375584774,-3.84208336425523,3.04037960840748
490,160353.9,163124.26,179213.19,0.296978248707525,0.258480579313485,0.44454117197899,14021.7844458781,14760.6857329005,15960.5951858766,1.84618385044205,-3.99473457731288,3.14855072687082
495,145613.9,162001.76,166195.79,0.285958598421967,0.254500260628065,0.459541140949967,15002.8014797781,15173.3348805188,17350.9376877176,1.87726133134077,-4.07285518826981,3.19559385692903
500,147139.96,163806.36,165495.79,0.288408477074965,0.255586116307301,0.456005406617735,12580.5469207471,15426.2957623033,18146.0478841036,1.82283436686364,-3.90714819369119,3.08431382682754
505,174968.39,177805.15,198970.79,0.299519374458102,0.232988813253446,0.467491812288452,13182.131423931,14792.7248807588,17322.6177868942,1.78772234334269,-3.81151717490602,3.02379483156332
510,159459.3,153095.73,182416.99,0.294590200870245,0.233916158646264,0.471493640483491,15096.3653104202,14356.3184659486,18535.9353507019,1.75292554510795,-3.68461647536218,2.93169093025422
515,151465.48,174178.73,186704.99,0.292341553908847,0.230106945744152,0.477551500347002,16718.6915484133,15307.5333316305,19155.1941167386,1.76732901931338,-3.65498732444747,2.88765830513408
520,133551.98,182311.35,219281.49,0.301655982437194,0.211320181241641,0.487023836321167,15613.5871151295,15676.6633375592,17202.7654413522,1.85561445618451,-3.9412617064764,3.08564725029189
525,133949.48,154497.85,197881.41,0.300600637679607,0.214886797751208,0.484512564569184,15768.3798311604,16795.9623844663,17910.3376047956,1.82234630927758,-3.85676453495132,3.03441822567374
530,157744.02,198742.84,205327.41,0.311751374655416,0.213306935514321,0.474941689830265,17839.8540929645,19304.2993277927,20028.5423179381,1.81315711825352,-3.74202465291279,2.92886753465926
535,164268.02,183576.33,186542.65,0.315009656225498,0.228287318892726,0.456703024881776,16579.4325106173,19007.43756323,18734.5025770999,1.83202771865477,-3.82015744126756,2.98812972261278
540,184369.48,221207.83,197221.65,0.323484573824648,0.216606515013851,0.459908911161502,19443.6615094169,19008.533924302,17146.7741320943,1.82210887601819,-3.78968075808381,2.96757188206561
545,156049.48,175122.77,219204.09,0.310851196928128,0.21093005289112,0.478218750180752,19148.00624367,17634.7759657137,20187.5546752304,1.84409161728301,-3.84906865965472,3.00497704237172
550,154802.48,145736.01,208395.06,0.308620063486609,0.220059693518476,0.471320242994916,17379.9220484289,16259.3815343208,18269.2026213996,1.88485626424782,-4.01790455880342,3.13304829455559
555,157255.48,179745.51,216959.16,0.308504411216147,0.219700746118341,0.471794842665512,16557.543912265,16819.8813439516,17297.4271896927,1.82066451367313,-3.85709542272164,3.03643090904851
560,149550.98,151844.51,190133.29,0.293314570456791,0.229026046588303,0.477659382954906,18295.3799171686,18144.1357492047,18143.6662703177,1.81758148344579,-3.84022691346172,3.02264543001592
565,159297.98,162332.51,191804.29,0.296931499308407,0.208593222403017,0.494475278288576,17560.2352096721,17432.1452621085,20830.5721076551,1.82572770935061,-3.87953202480349,3.05380431545288
570,158774.91,159432.44,187041.29,0.300592861441873,0.203906440959172,0.495500697598955,19088.8120629376,17126.5826647133,21682.3495430192,1.81140611245861,-3.82833840551701,3.01693229305839
575,165821.1,157229.6,182205.56,0.307293601640472,0.193477666454053,0.499228731905475,19130.3060845019,20066.4581979153,22876.9132235336,1.82571515744508,-3.80814015187282,2.98242499442774
580,158387.99,155653.17,179440.37,0.301334427409106,0.185318232349365,0.513347340241529,19212.1299313955,19359.4752949491,23257.4493628586,1.81012389556923,-3.77342423782913,2.9633003422599
585,149444.67,162554.17,169772.37,0.297203041682192,0.185876011829292,0.516920946488516,16281.9421730918,16736.0728636842,20849.6904080823,1.86622684287539,-3.97582072929126,3.10959388641587
590,124971,139225.5,156379.37,0.274172614083057,0.174422510219,0.551404875697943,19470.9772088714,17454.3408347048,21351.7123368602,1.92892309846606,-4.15798103410717,3.2290579356411
595,133995,135478.5,154703.29,0.263976257760461,0.175545120776312,0.560478621463226,20504.6307966102,19110.8583568385,21897.7455375649,1.93765298604506,-4.17730240984184,3.23964942379677
600,129731,130664.5,146413.29,0.264136331662751,0.176070661523359,0.559793006813891,22414.4708948344,19113.3375507264,22818.7500620324,1.90098507222609,-4.03108787494805,3.13010280272196
605,123709,134524.5,161849.79,0.268596532672815,0.165773912272634,0.56562955505455,18131.846458312,19203.8065411385,28653.9611446383,1.91735778441483,-4.0609163833845,3.14355859896966
610,111461,146177.5,161007.79,0.259655636982067,0.161787146581969,0.578557216435964,19053.9482806373,20624.8221139576,30546.7293223629,1.90498078888315,-3.97066457912693,3.06568379024377
615,110075,141686.5,178443.79,0.261169117939624,0.143962100157434,0.594868781902942,20781.14738216,21188.8866373471,31363.3679690274,1.97648245493055,-4.17643149119022,3.19994903625965
620,107523.5,129549,150255.87,0.254995362165094,0.135135521075086,0.609869116759821,20849.8965911672,19782.6011123556,30103.2785635279,2.04361253283742,-4.41118346213411,3.36757092929668
625,111542.5,130287,148102.87,0.25590923968391,0.130645166189716,0.613445594126375,18595.7083990935,17865.7811689845,27999.9270056228,2.08370314350169,-4.56585129315501,3.48214814965331
630,123423.5,132293,154686.87,0.263343886923882,0.122179136269035,0.614476976807084,18826.7984624974,18816.339898506,22097.0646221341,2.08691815613973,-4.6156924992088,3.52877434306906
635,110630.5,122284,126546,0.239786571957429,0.125333705377727,0.634879722664844,19550.0910191226,16828.2253792366,20298.9032533555,2.11146051857798,-4.68481911175607,3.57335859317808
640,110015.5,117596,131958.5,0.248078579370999,0.116007903702746,0.635913516926256,21706.2809366684,19134.5979367351,24832.0148823165,2.09523796685151,-4.58042753825645,3.48518957140493
645,115836.5,115435,119893.5,0.25112019270489,0.104333858223034,0.644545949072077,23208.4842256359,19266.6925346357,22240.2384186313,2.12356795777629,-4.67836778089229,3.554799823116
650,101769.5,112174,122254.5,0.238794941292032,0.102043540067931,0.659161518640038,21325.7432592565,22096.9137123303,25166.9370327509,2.11797586650437,-4.64448028844796,3.52650442194358
655,97059,119507,141851,0.245913942514656,0.09979716190335,0.654288895581994,23076.3238145192,22230.0702627191,29510.5234387224,2.13247549773714,-4.67443156127403,3.54195606353688
660,112333,116993,132372,0.249910964495555,0.098666434199602,0.651422601304843,26107.8239115665,22899.8016319494,25468.8567945753,2.14474868741732,-4.67149930689297,3.52675061947564
665,101196,125499,132310,0.249515428317308,0.093891297349329,0.656593274333363,23712.5247312723,23495.7017556865,22800.1200463464,2.16738636434071,-4.74369521371556,3.57630884937484
670,108663,111046.8,127010.8,0.241644286369936,0.10268044784027,0.655675265789794,26041.0179025337,22657.7193864888,18199.2186424082,2.1935249125103,-4.84137179404563,3.64784688153531
675,112474,125997,112771,0.245277135026748,0.093934283302354,0.660788581670898,28336.709638919,28449.1824413213,16256.4131009906,2.15254101948853,-4.63053176601492,3.47799074652638
680,112819,135218.5,144718,0.263250559319,0.086205509919527,0.650543930761474,26280.1575762247,28512.9698366609,19899.7577790496,2.16291440910188,-4.69311009216635,3.53019568306446
685,117042,131610.5,143077,0.264576231429579,0.087203520315181,0.64822024825524,27361.8177889627,28389.1344910758,20558.7335936208,2.13432173716487,-4.57393792947682,3.43961619231194
690,120931,129621.5,149185,0.269400047794989,0.077219940373794,0.653380011831217,25787.579309427,27447.6683778479,20681.6637206424,2.1883606644506,-4.73243032028445,3.54406965583385
695,108293,116876.5,157473,0.259157385628835,0.08115698246618,0.659685631904985,22508.8729777905,22709.5070046753,23848.9385896806,2.24014292392548,-4.94687155609903,3.70672863217353
700,102103,110593.5,130609,0.252268624401844,0.081280158588389,0.666451217009767,20802.188297462,21772.6228346352,23833.0787359811,2.28955345182945,-5.14147394985778,3.85192049802832
705,108238,136078.5,141577,0.263338236019876,0.074433128370107,0.662228635610017,18065.1940718851,21127.3866188502,25838.2262811248,2.27661411478113,-5.09006043084522,3.81344631606408
710,101688,117247.5,139223,0.25925373601393,0.077031916603825,0.663714347382245,18902.2277452837,20969.6022071988,25907.0648770066,2.24047626812853,-4.95530869204835,3.71483242391982
715,101720.6,124162.1,151902,0.261215663412306,0.07969655502027,0.659087781567425,18077.8057235931,20672.6187366905,25983.7907685513,2.27615837210758,-5.03852616423803,3.76236779213044
720,117347.6,124120.1,141207,0.261842799488028,0.068841115570921,0.669316084941051,20763.3918807995,18672.7082725375,27838.1603985564,2.29203269364516,-5.11146677935958,3.81943408571441
725,110745,104924.5,133142,0.25166157082809,0.074803498409754,0.673534930762157,19693.1618053561,17367.2701385663,24883.2113699166,2.32901812903235,-5.2737577115591,3.94473958252675
730,119587,133563.5,125189,0.263365520668087,0.0765234849732,0.660110994358713,20061.0171777157,22162.421809,22603.3580943915,2.30596232841994,-5.2038780288721,3.89791570045215
735,119839,125801.5,133359,0.266883231233481,0.085776606896939,0.64734016186958,20487.4939453713,21052.1082424055,20837.4878563579,2.27561902063618,-5.13608607649086,3.86046705585466
740,124209,137342.5,139581,0.269706968664726,0.089143193651038,0.641149837684237,19850.0649761577,18665.6288571464,20592.3050800453,2.27936516085616,-5.14841611730183,3.86905095644566
745,135443,124509.5,137593,0.278475484350893,0.089138362907543,0.632386152741565,18819.4587203202,19043.8247778908,19313.8180432125,2.29587816645069,-5.24163389258018,3.94575572612948
750,137769.5,120987.5,123471,0.261125403677217,0.093599456924077,0.645275139398707,19188.0013756911,17163.6081220464,19566.9823714607,2.24971485148657,-5.07247053399227,3.82275568250569
755,136460.5,118653.06,116487,0.257018545626458,0.09459276588577,0.648388688487773,18860.9304709738,19829.2022722213,20593.1915700531,2.18957060988344,-4.87372211204155,3.6841515021581
760,111357.5,121742.06,125668,0.251230223115803,0.088794250521883,0.659975526362315,19011.0924966795,20415.6987821703,20157.3400509806,2.25338358948105,-5.09542268218553,3.84203909270447
765,110066.5,110298.06,127247,0.246328793326275,0.0949167983726,0.658754408301125,18318.9134572487,18620.9282003304,19690.4757946115,2.24078028380746,-5.05590921413117,3.81512893032371
770,133561.5,122991.5,144287,0.262576418686177,0.094641390083356,0.642782191230467,19208.8304798243,19213.239394849,21899.7661101522,2.18751081857752,-4.85983733313363,3.6723265145561
775,136465.5,126940.5,147221,0.258624702729264,0.099081899972786,0.64229339729795,18935.2067768996,16146.6513699552,23215.1596904608,2.20400426847617,-4.89924987623795,3.69524560776176
780,154627.5,138852,140385,0.26775184883003,0.095927457342845,0.636320693827125,21013.8268207269,19320.2886738114,22862.052881034,2.2198069235831,-4.91878417481438,3.69897725123127
785,164627.5,135183,150475,0.271769488550746,0.086648651504064,0.641581859945191,26416.128414847,21670.2009040334,22558.0883421683,2.1768053538963,-4.74363225054798,3.56682689665166
790,186486.7,121895.24,143746,0.272024535334767,0.084389261876008,0.643586202789225,28878.2946968377,24843.8304782087,23077.6760497491,2.15589217535556,-4.61014843591155,3.45425626055598
795,160510.5,125471.24,147597,0.261823200247912,0.0843331862417,0.653843613510387,29013.5213339457,26659.7159598118,25339.794669512,2.19895482402384,-4.73339054247872,3.53443571845486
800,138081.5,114327,140654.5,0.245622246690348,0.092629935433134,0.661747817876518,25359.9129280439,21268.480186693,25674.7890729446,2.15843907034732,-4.64707553043859,3.48863646009126
805,128338.5,111309,127253.5,0.251233397829916,0.101718715714902,0.647047886455182,25204.9940077133,18151.8436220913,23987.9473134364,2.21600240617631,-4.88902569608543,3.67302328990911
810,118633.5,124632,123634.5,0.250521269620774,0.109018053401591,0.640460676977636,21311.6046029256,18355.489492098,21038.0044846846,2.23733270017763,-4.99314131246931,3.75580861229166
815,133046.04,129968,115588.23,0.246584246657421,0.107514947347554,0.645900805995026,22039.7898859221,20417.0213564885,21351.4909908456,2.25889353289988,-5.06053219017358,3.80163865727368
820,123385.54,120640,116401.23,0.239656429343058,0.102276958863134,0.658066611793809,21192.8967071551,21036.796442248,20240.3886453,2.25756518097047,-5.02985356924449,3.772288388274
825,123720,112064,124841.5,0.242815458947326,0.096284349427,0.660900191625675,19633.524949437,22153.8082308265,21566.0087624069,2.23674385192672,-4.9694763993477,3.73273254742097
830,112867,120871,124326.5,0.243042177094806,0.12403334888062,0.632924474024575,20309.4617327495,25355.1483049208,21161.9090535619,2.16727830941576,-4.77440986970992,3.60713156029414
835,119218,113706,120458,0.239256775740746,0.137951538707029,0.622791685552226,19699.3136909624,24069.9010854744,18406.7244652151,2.11648748638409,-4.68532217544998,3.56883468906588
840,126782,112563,136929.5,0.251516270199531,0.143748941047459,0.60473478875301,17516.5174673646,23202.7967787391,18260.5914301731,2.03746906016202,-4.46882301948237,3.43135395932033
845,129565,115210,125743,0.248486201279028,0.143933741814004,0.607580056906969,17591.2371139875,24343.8755690813,17529.3880706191,2.01646296618106,-4.38137802267297,3.36491505649188
850,134435,113965,128819,0.247946923094087,0.148237168626057,0.603815908279856,17898.7997653967,23946.2489147877,19399.3019477076,1.97597844720619,-4.22918433031976,3.25320588311356
855,138251,121387,123361,0.254763790680727,0.155316672098146,0.589919537221128,18779.8702896088,20962.4188580643,18154.3408283958,1.97840346731933,-4.24982471368754,3.2714212463682
860,144641,139405,121297,0.267527723473275,0.155987933552958,0.576484342973767,18514.8476402948,19561.9817174884,16421.7420605789,1.96492486815934,-4.27449005333681,3.30956518517746
865,140309,143076,122850,0.260539115065056,0.161314856615525,0.57814602831942,20197.31504249,20489.5651676149,17897.5740017431,1.96591829772012,-4.27598819791326,3.31006990019313
870,129779.5,143651,135667,0.249404191236418,0.147853595456764,0.60274221330682,21384.3227840572,25338.9378082063,21085.7473048796,1.93863806310735,-4.1052951915849,3.16665712847754
875,114693.5,139558.5,126551,0.24325164367113,0.154773909323781,0.60197444700509,20529.7082228686,25939.4793197703,20278.4936983883,1.96659194755393,-4.21591171134925,3.24931976379531
880,122800.5,140112.5,126101,0.24365827246177,0.15658757934633,0.599754148191902,19830.5238653921,25129.772578659,19626.7202415606,1.99144373268846,-4.28237288907372,3.29092915638526
885,124829.5,128290.5,117896,0.245613770217697,0.177864738671606,0.576521491110699,16016.6931640408,18516.7120012628,18384.8812405696,1.98936462601788,-4.33330661115344,3.34394198513555
890,120425.5,138821.5,122857.5,0.244841094758194,0.178346806057734,0.576812099184074,17949.8033650533,21258.9959680303,19371.484581493,1.95939137562548,-4.18642219449837,3.22703081887287
895,123150.5,145361.5,138285.5,0.251614400766563,0.171914542687568,0.576471056545869,20516.1692600851,20118.7259286331,19252.79020298,1.94813154681066,-4.16367033064436,3.21553878383369
900,127071.5,151671.5,135370.19,0.258515270856068,0.174905029302165,0.566579699841767,20156.7140889545,20460.2551903749,18496.2880636055,1.92534606616898,-4.09926271892965,3.17391665276066
905,126991.5,168584.83,150901.19,0.264554227186538,0.181407135745597,0.554038637067866,21834.049439605,22751.2967826242,19798.6813295486,1.88065640192552,-3.93489441452561,3.05423801260008
910,131004.5,166068.83,156604.5,0.262528224395129,0.19113918815233,0.546332587452542,19089.9755115593,19694.2930647334,20611.6724730907,1.85389095828845,-3.87594776951454,3.02205681122608
915,126670.5,168118.83,175816.5,0.265983391056407,0.184285120886285,0.54973148805731,16905.603163249,17784.3950523975,19772.1810655164,1.83945459368393,-3.90344828807066,3.06399369438673
920,129761.5,153504.5,165913.5,0.268003423625864,0.198892156529312,0.533104419844824,15357.3280978654,16783.6985208639,16871.7123526551,1.85818853138183,-3.99684040505799,3.13865187367614
925,128202.5,171146.5,169298.5,0.27134125202388,0.194995315695841,0.53366343228028,14692.5642319451,18423.804366485,16014.848228396,1.90839292780235,-4.15803068613548,3.24963775833312
930,116926.5,149528.5,155678.5,0.252466034458048,0.201674858360505,0.545859107181449,13862.7518643633,17805.0218531621,14385.862473235,1.95596416928928,-4.37259342322897,3.41662925393968
935,129212.5,163314.5,168250.42,0.266448670317286,0.197142213569778,0.536409116112937,16054.0078856917,17935.857203496,17469.2716234683,1.91258883100995,-4.16938390124505,3.25679507023509
940,133048.5,156901.5,163196.42,0.272690406647628,0.191886673477639,0.535422919874734,16536.6319663513,16851.062252318,18035.9050543153,1.94617184813692,-4.2661798590183,3.32000801088138
945,131600.5,152687.5,183988.92,0.27619128473787,0.199063933176627,0.524744782085504,14286.0531164846,17183.6422049541,18104.3147624833,1.91283072547485,-4.17130761792861,3.25847689245376
950,147897.77,161632.5,178734.92,0.280509072145611,0.190611965438977,0.528878962415414,17328.2873611035,20178.5009037838,18008.2020967975,1.89775482134168,-4.09650626687668,3.19875144553499
955,146833.27,163052.26,190056.68,0.277959447228067,0.195917775135674,0.52612277763626,16559.1663712831,21546.3626244223,19754.6807792859,1.92225878837796,-4.15694723669012,3.23468844831215
960,154199.77,177771.26,181051.68,0.282449854336535,0.188824459714597,0.528725685948871,17255.4261830925,19119.7987584607,20347.9759831801,1.89199557905445,-4.07912458896411,3.18712900990965
965,168084.94,186243.51,176749.74,0.291047604861339,0.188258994457718,0.520693400680943,15413.4955490102,19860.0707464609,19103.2645553429,1.90569184659033,-4.12558199190384,3.21989014531351
970,164163.94,196674.51,183169.24,0.297505083200906,0.179563028863176,0.522931887935918,14879.8461959009,19929.175956036,20681.3450008975,1.91164387902142,-4.09067652711732,3.1790326480959
975,158660.94,194370.75,182404.57,0.292404978353816,0.18463728387445,0.522957737771734,15933.7169831022,19765.3630179758,21838.2011243218,1.86625000722949,-3.91828834404473,3.05203833681523
980,170074.64,193457.38,212056.63,0.301986708617894,0.186853928436435,0.511159362945671,16754.6509945549,19356.7890183551,20602.3223141778,1.84001882872954,-3.84599343164339,3.00597460291384
985,188083.7,198604.08,214063.83,0.303557358599616,0.182377501815605,0.514065139584778,18362.111287053,20881.8140422241,22880.9247066971,1.79071345472733,-3.66858060308313,2.87786714835578
990,186569.7,209282.08,228405.83,0.31712091745053,0.188645538590196,0.494233543959274,17391.2413488513,18309.6994829854,22899.3892905306,1.7748947914723,-3.61255550795963,2.83766071648732
995,175486.46,216606.34,221124.79,0.321830580697854,0.187474936103709,0.490694483198438,19338.668198979,16892.6248037503,21024.8112312404,1.78080076669625,-3.64783917325997,2.86703840656371
1000,197174.96,214501.33,199724.78,0.322881169865572,0.194721030780829,0.4823977993536,20198.581697914,18051.9955695015,18560.7860668793,1.76034884562623,-3.60907646123349,2.84872761560725
1005,199240.46,198859.96,197121.78,0.318706481627053,0.208485426545003,0.472808091827945,19465.5601210899,17582.8089100578,18187.9128353803,1.68569352790259,-3.37250740254955,2.68681387464695
1010,223460.14,198996.88,215305.74,0.329404248145951,0.195771695109529,0.474824056744521,19379.0893152018,20511.6890150454,19160.1354452988,1.69751698522941,-3.38036371397797,2.68284672874855
1015,227193.14,202023.62,208941.34,0.329198520519992,0.210669965167617,0.460131514312393,20255.7720973436,20050.1047385623,17015.6668577641,1.68986744508329,-3.40524116906237,2.71537372397908
1020,221438.71,204597.19,197277.44,0.328261636401833,0.215496747327375,0.456241616270793,20280.4046632337,19504.4729628891,16459.134035195,1.66357392995269,-3.34115826791658,2.67758433796388
1025,211081.45,208777.74,205672.32,0.325162877730689,0.221323329908242,0.453513792361069,20234.0861785293,20223.1529258274,16124.5262312582,1.65773746989351,-3.31429875411711,2.65656128422359
1030,208948.97,199396.04,209102.36,0.330846907648211,0.227562464855062,0.441590627496726,19112.8081384079,19254.5923662558,14227.314759234,1.64324367856688,-3.29131952278157,2.64807584421468
1035,205968.57,208335.64,197878.47,0.323824446022821,0.239610652868384,0.436564901108795,18345.8959288993,17730.7060022479,12942.2159638927,1.68580231922046,-3.46704950574133,2.78124718652087
1040,211881.05,208678.73,213301.93,0.324728317091052,0.24148377405124,0.433787908857708,16900.7327340407,16191.6354961242,15871.2285367988,1.6895463210369,-3.45386454823125,2.76431822719435
1045,214385.95,212732.14,223931.93,0.322080585971036,0.244588569781256,0.433330844247709,17151.5457536144,16055.0764585791,19432.8946563591,1.66656436773954,-3.34812433154935,2.6815599638098
1050,195880.95,213585.37,232718.93,0.325073412104807,0.246101364924167,0.428825222971026,17011.1342591254,16032.9993700485,17989.4012469961,1.63884372493587,-3.30578443022029,2.66694070528442
1055,208906.33,224600.1,248899.86,0.344861088315087,0.250755370691613,0.404383540993301,13482.6186333432,14859.9555185242,17865.1346756655,1.60089378782946,-3.23319011242947,2.6322963246
1060,201372.55,223839.42,252944.36,0.344560254211765,0.248373292480227,0.407066453308008,12730.7084232717,12931.0213545964,19379.6261656492,1.66208533638518,-3.423206406337,2.76112106995182
1065,207900.55,217825.06,249623.36,0.347825931734646,0.261417151772802,0.390756916492552,11858.9282734948,11852.1965119999,17188.684200413,1.61650463377353,-3.33246375414227,2.71595912036874
1070,214003.17,244202.54,241758.94,0.353358587096382,0.26465288392983,0.381988528973788,11916.004761813,12488.9515947773,18601.4841101597,1.55269208084738,-3.13736623170496,2.58467415085757
1075,220698.67,249490.48,235332.88,0.356252421393119,0.264935252581841,0.37881232602504,12664.3375048132,14033.5344997595,15797.4980122378,1.52670515838841,-3.05342820153828,2.52672304314986
1080,243011.42,264054.98,209736.5,0.357709929470395,0.267222480906707,0.375067589622898,14343.4445769471,13440.9227667911,16622.6540717146,1.47763016520154,-2.85767546142017,2.38004529621863
1085,254466.79,260414.15,229457.5,0.364033384177651,0.272367429193439,0.36359918662891,15559.7793055487,13478.3264058288,15497.093069516,1.44455123719496,-2.77132224620123,2.32677100900627
1090,248773.67,262604.03,234130.5,0.356211755369081,0.27195625561429,0.37183198901663,14733.5741118163,11793.885042271,14794.5810919149,1.4533340592758,-2.82654688440513,2.37321282512933
1095,275250.67,288342.48,260156,0.383283338404765,0.258928586462595,0.35778807513264,15189.8235707082,13456.0953124536,15418.3888664325,1.47237634774255,-2.8610109162253,2.38863456848274
1100,270049.67,277355.48,259263,0.367582924494998,0.267737575339517,0.364679500165485,16220.4649359758,13264.021212965,16867.947637643,1.45061268084547,-2.7645506497119,2.31393796886643
1105,267569.34,270175.79,259602.04,0.375019076967755,0.270857768666525,0.35412315436572,14969.0946638184,11362.5850920792,14282.2033920362,1.45085996490985,-2.79364755543202,2.34278759052216
1110,287966.84,290197.03,245310.17,0.375262102959183,0.266298458303213,0.358439438737605,15340.8912790419,13533.3453624137,15543.0585258269,1.45424302233401,-2.80673314028745,2.35249011795343
1115,268265.34,271050.03,249958.9,0.356976736906146,0.273296113514664,0.36972714957919,18708.5513557036,15318.5322807996,15092.3620738653,1.43732489493558,-2.70212589536546,2.26480100042988
1120,279177.34,279564.35,258631.96,0.358328693747658,0.26310224362002,0.378569062632322,20296.2450161954,17631.3538958978,14579.0982043417,1.45653266630697,-2.72830242255461,2.27176975624764
1125,256177.17,263371.73,258084.06,0.348310768317708,0.263826909594844,0.387862322087448,22168.8097878722,20378.1295788852,13336.3257231529,1.45100390954622,-2.71579987076072,2.2647959612145
1130,240387.5,253387.56,253306.06,0.342474782756451,0.270813750659132,0.386711466584419,21684.7108741595,18855.0968770871,13885.1797058221,1.43612980942226,-2.67708639870514,2.24095658928288
1135,248125,266636.56,253367.06,0.34863129257039,0.264681784695108,0.386686922734502,20614.6199768656,16917.5812366789,15747.1917006291,1.47121094385434,-2.83196549797623,2.36075455412189
1140,258774.2,245557.56,265465.06,0.341316269822557,0.275617292648602,0.383066437528842,17958.4207281927,16295.5795119562,15873.7543530089,1.4941775212459,-2.90418166508077,2.41000414383486
1145,267018.2,245763.06,264431.06,0.341681538527539,0.263595678744332,0.394722782728129,22967.9125290723,15862.7839350767,18807.7452196901,1.51353904908321,-2.93665490893822,2.423115859855
1150,262850.5,258866.01,275044.5,0.345274251974643,0.260965346873639,0.393760401151718,22091.4218952267,17429.3650782836,19591.005614893,1.49760726109988,-2.84384666344057,2.34623940234068
1155,266184.5,244306.01,254970.5,0.340328131490584,0.266524411775799,0.393147456733618,19538.1210905783,15557.7364260189,17649.2611521494,1.47643857624339,-2.81286564216743,2.33642706592404
1160,269747.82,246355.01,251316.5,0.339936793277531,0.264912386852565,0.395150819869904,18176.9992866505,14341.4660182502,17434.760525473,1.49711453299122,-2.86684866937333,2.36973413638211
1165,247738.5,241315.01,259700.02,0.336348594001029,0.274130295187019,0.389521110811952,16264.0353771574,14133.4585013322,18157.0977576629,1.52706138333579,-2.94328802646013,2.41622664312434
1170,243459.5,268104.5,250246.02,0.333296984833633,0.269619190591327,0.39708382457504,18574.4587288044,14111.7758018591,18701.8773012654,1.55266385259617,-3.03668805710184,2.48402420450566
1175,230473,248387.5,255288.52,0.327099611115672,0.282957689488208,0.389942699396119,16735.8518546669,13951.3190818602,20908.0585391797,1.55239712761773,-3.04322141952631,2.49082429190858
1180,232682,238009,248495,0.324440778352184,0.299586414398798,0.375972807249017,14082.314404823,13036.9883605166,19189.3410116259,1.47258897930414,-2.85899737379976,2.38640839449561
1185,244683,250933.5,250000.5,0.333649104492051,0.301731014574075,0.364619880933873,12349.9056223429,13414.9084268679,19696.8477360896,1.48419347008438,-2.91812500617845,2.43393153609406
1190,254915,262911.5,255260.5,0.335628272980859,0.303813018978124,0.360558708041017,12349.3302462965,12883.60485432,17949.8293182715,1.44507238918529,-2.82291845038307,2.37784606119778
1195,242989,271883,264260.5,0.338859807718245,0.298860538891971,0.362279653389783,14279.1954101203,14826.0325235168,15045.5539183667,1.42894258368274,-2.80231536358499,2.37337277990225
1200,231026,262759.36,255491.5,0.325142224481138,0.304858840341621,0.369998935177242,13076.9831643546,15150.4252285621,13725.8540644691,1.41782617480811,-2.79370848108487,2.37588230627676
1205,230109,247835.36,253111.5,0.320843033631074,0.298985399546429,0.380171566822497,12966.8136365906,16170.9905608215,16021.8634289888,1.41356128549722,-2.7748842531772,2.36132296767998
1210,223159,247976.95,249210.5,0.310432654806148,0.310693483092598,0.378873862101254,10515.2151056592,13533.1003992847,16889.5563587636,1.41787474121824,-2.77531530427333,2.35744056305508
1215,244147,250926.95,251768.5,0.31639851996759,0.310119990791512,0.373481489240899,10367.0908023538,11922.0232738889,16662.1178197382,1.39682984842991,-2.73233048669538,2.33550063826547
1220,241291,262077.39,263059.02,0.33136603765433,0.302540895000969,0.3660930673447,13005.0149805402,14265.4955500739,13389.8898713645,1.36086788048618,-2.62799826984285,2.26713038935666
1225,236350,247698.39,257315.52,0.319842776752968,0.300347285450681,0.379809937796351,13628.2244303412,12811.1678941185,13000.0919917456,1.37901432386536,-2.69885199387572,2.31983767001035
1230,227063,260915.96,275212.52,0.318831015037018,0.29840014305455,0.382768841908432,14601.9548405502,12797.9599024332,14121.0326033416,1.39658771762482,-2.74732015201006,2.35073243438524
1235,223588.06,253865.96,272346.52,0.324913468405258,0.300576137904151,0.37451039369059,13062.683715544,13244.6142000509,13379.4431186086,1.44361769645083,-2.91299089834153,2.4693732018907
1240,221340.06,241104.46,254829.52,0.315538096362194,0.308123387319644,0.376338516318162,12454.5959538378,13710.3037020302,12527.2601530581,1.4386967325362,-2.87501427786942,2.43631754533322
1245,213580.06,249699.96,241739.52,0.313072371578657,0.318315675903599,0.368611952517744,12461.7106072467,13387.8730478701,13075.0966960253,1.45570920631692,-2.9104557679781,2.45474656166117
1250,220631.06,236662.43,254506.52,0.314475282229385,0.321778685474791,0.363746032295824,11438.9711564312,14697.7922347997,10432.2540189586,1.43790173698031,-2.90210774033536,2.46420600335504
1255,211851.06,241504.07,256958,0.316555386057223,0.330791021858897,0.352653592083879,11274.1939468917,14073.5086323186,12837.7819699172,1.43749759154065,-2.89181593614379,2.45431834460314
1260,219912.06,241018.07,246509,0.314172221288794,0.343970253328736,0.341857525382468,12685.9411821163,13353.4928198462,12528.3400844243,1.46023715992562,-2.92288795506578,2.46265079514016
1265,221920.1,243170.8,267216,0.321222795903093,0.351442362452869,0.327334841644037,13924.8749776226,11004.3991550105,13941.2062225709,1.42373634645174,-2.7795764287143,2.35584008226256
1270,230206.1,229814.3,255074.5,0.318170173676994,0.348392294176966,0.333437532146041,14668.0316025762,13612.6814446189,14910.2841506188,1.40503109093653,-2.65884392183893,2.25381283090239
1275,219348.5,231775.3,254498.5,0.313051697760348,0.350714465299125,0.336233836940526,14837.6003126718,12882.2377826357,14616.3000287548,1.36030179684812,-2.54371451087096,2.18341271402283
1280,224332,237618,252391.5,0.321671027926589,0.353476788138476,0.324852183934934,15100.3962927252,15155.2723592087,14954.5281225587,1.37705651981287,-2.52895283349911,2.15189631368624
1285,225123,232985.26,248169.26,0.317277703083997,0.359770291251643,0.322952005664359,16840.7860494842,14046.2135823784,13629.7824054655,1.35089720047599,-2.48776901771872,2.13687181724272
1290,232084,230296.06,255345.06,0.316828697007454,0.361884293526302,0.321287009466244,15577.2225722703,14523.6640796831,11212.7864809215,1.3648813934186,-2.57600000695071,2.2111186135321
1295,215492,229335.5,241972.5,0.305114759986062,0.36077354239556,0.334111697618378,15645.6463022267,13360.2867651501,11452.0446797345,1.3599282387525,-2.56733535575257,2.20740711700007
1300,205137.5,225764,243599,0.304747199620901,0.36227119041038,0.332981609968719,14299.7953701743,10549.8904640498,8468.65823980425,1.3224073006516,-2.54775069739656,2.22534339674496
1305,193296.5,219365,250586,0.300052292928354,0.364233880295901,0.335713826775745,13654.2061007396,11466.8286236512,11145.1307034028,1.35038380388084,-2.63329802503236,2.28291422115153
1310,185460.5,218931,232548.73,0.295073093368755,0.371959663914952,0.332967242716294,12743.9637106209,11337.2205709153,12717.9168092526,1.36869651167437,-2.66631618045426,2.29761966877989
1315,180059,201832,213430,0.288116335440506,0.378129253767146,0.333754410792348,11262.5284175113,10912.7614680968,13257.7923231131,1.40900525072539,-2.81181103700915,2.40280578628376
1320,187111.1,204000.6,228895,0.293063489513957,0.378832870156491,0.328103640329551,9907.55057804734,12224.9032380836,13342.775180327,1.34929091916171,-2.62011534570694,2.27082442654522
1325,186725.1,201595.6,219806.5,0.293610426687526,0.375154402369739,0.331235170942735,9548.61408270795,10140.0295436659,15640.0197266067,1.35061931936304,-2.60758607291593,2.25696675355288
1330,175187.5,180016,212720,0.279825301424945,0.384704782489053,0.335469916086002,9115.7338890308,9348.85478797221,13847.0274367698,1.33589722242846,-2.59980890040371,2.26391167797525
1335,178946.5,194221.5,220406.5,0.283360889905343,0.375626409570613,0.341012700524044,9548.56551800602,10255.9442876866,13816.7452827869,1.37118500674366,-2.66320420325338,2.29201919650972
1340,173534,192555.5,207345.5,0.281015963656049,0.373726836185031,0.34525720015892,11072.2423321002,10053.0411699623,15447.102002927,1.37376275465691,-2.63995210769002,2.26618935303312
1345,169217,208248.5,218791.5,0.282333925346406,0.36948154207041,0.348184532583185,11589.9721071068,9086.94904812202,15833.6694864207,1.37218842134798,-2.6362289968686,2.26404057552063
1350,185749,197009.5,226444.37,0.284170409097018,0.368066201264171,0.347763389638811,12785.6264666109,11412.9972008531,14879.1923574369,1.4116809977155,-2.74078782221162,2.32910682449611
1355,169689.5,187595.5,228211.37,0.279972464292823,0.356575521103361,0.363452014603817,13735.2670378676,14177.0248215819,14204.6039456845,1.44426542950479,-2.79595190204757,2.35168647254278
1360,155056.5,174091.5,200053.5,0.272319486520605,0.346136861427309,0.381543652052086,14824.0043412763,14116.4331966768,15184.1415493227,1.52466703257711,-3.02073299946533,2.49606596688822
1365,146826.43,162091.93,179699.19,0.261889236760601,0.330619890355203,0.407490872884196,15408.0982870922,15875.8911568321,14910.963481526,1.57733984633867,-3.14619828937337,2.56885844303469
1370,151252.43,156554.93,173800.69,0.264417412279526,0.328277997804172,0.407304589916302,16209.0375649976,18013.6788497895,14428.1888856224,1.62099686372954,-3.2613113894364,2.64031452570686
1375,150984,145529.5,167362.19,0.266451902912655,0.329100899639959,0.404447197447386,14535.9258640478,18643.0245030661,14240.3843899725,1.62679755141177,-3.28498094283877,2.658183391427
1380,133496,145895.5,153228.5,0.257259603678894,0.333388949190907,0.409351447130199,14420.1780907146,17455.7911061508,13108.733021403,1.67335325597994,-3.47849216586846,2.80513890988851
1385,139182.5,158628,169085,0.26782282385324,0.316664055959368,0.415513120187392,14405.4012935689,17053.7411947063,15177.6534018416,1.70965623087727,-3.58512856712277,2.8754723362455
1390,145303.7,159277.5,167490.5,0.27196218384171,0.317149116385178,0.410888699773112,14471.1689257288,15977.8159880547,15178.2616572845,1.71479003021392,-3.60710710952536,2.89231707931143
1395,135452,151630.5,158151.5,0.271409963671619,0.31690280004606,0.411687236282321,13206.3581758613,15397.4890250459,15525.3579487113,1.71276912056387,-3.61202436789668,2.8992552473328
1400,135220.5,148866.5,161361.5,0.280445792006349,0.314884678245616,0.404669529748035,11820.7405116075,12929.9860616579,13360.6374405585,1.78288208782299,-3.8932003015275,3.11031821370451
1405,128860.5,135824.5,153950.5,0.273755044515516,0.31004625421169,0.416198701272794,13621.1504834859,10773.4362384233,12717.2482763992,1.82098788158973,-4.01631427857532,3.19532639698558
1410,126840.5,146799.5,147201.5,0.272244617912254,0.315873094053631,0.411882288034114,13429.0178658176,10455.5160830064,12858.7408205222,1.84235835489339,-4.09387609807297,3.25151774317958
1415,116549,135677.74,146540.5,0.267235349203824,0.301374281568216,0.43139036922796,13435.3250266082,10392.0015693484,13117.1582952969,1.90445292707951,-4.24552506858106,3.34107214150154
1420,118076,128629.74,126961,0.265977810919009,0.297277148501676,0.436745040579316,13651.082720747,12311.2065778148,12574.35953346,1.96221272860584,-4.44012688545301,3.47791415684716
1425,99569.5,121240,117811.5,0.255362497869354,0.275916715415135,0.468720786715511,14686.3314798614,15753.1447377267,13656.6949830729,2.03611193740326,-4.6062164349929,3.57010449758963
1430,98833.5,105601,103218.5,0.251007432504231,0.272819706363522,0.476172861132247,15791.1852024718,16390.5601366474,15369.0812272677,2.04857892222503,-4.60859027122183,3.56001134899679
1435,94421,103348,99811.5,0.242735958668593,0.267226416917479,0.490037624413928,15650.9903236186,17179.4025570587,15732.1924212226,2.01904800972101,-4.51602999664705,3.49698198692603
1440,93046.5,98374.5,97229.5,0.241206465763553,0.266794106070634,0.491999428165813,16168.4798813114,14417.3950603355,15590.7403697962,2.03250299925953,-4.55833304242162,3.52583004316208
